fid,調査日,作付状況,作目,調査者,備考,タイムスタンプ
545,2026-06-21,野菜類,タマネギ、カボチャ、スイカ、レタス、サニーレタス、ブロッコリー、キャベツ、トマト、ナス、キュウリ、モロッコインゲン、長ネギ、ダイコン、ニンジン、トウガラシ、ジャガイモ,A,"サル被害でトウモロコシが全滅して今年は辞めた
トウガラシは熊対策へ",2026-06-21 02:57:31
277,2026-06-21,野菜類,トウモロコシ、トマト、カボチャ、ミョウガ,A,,2026-06-21 02:40:53
343,2026-06-21,野菜類,ジャガイモ、長ネギ、サトイモ、エダマメ、スイカ、パセリ、シソ、シマウリ、ラッカセイ、アスパラガス、トウモロコシ、ブロッコリー、ブルーベリー、ミョウガ、グラジオラス、ダリア、,A,,2026-06-21 02:39:05
479,2026-06-21,野菜類,トマト、サニーレタス、ベンリナ、ダイコン、長ネギ、シュンギク、ニンジン、オクラ、サトイモ、キャベツ、ブロッコリー、カリフラワー、モロッコインゲン、ジャガイモ、ゴーヤ、サツマイモ、スナップエンドウ、ナノハナ、,A,,2026-06-21 02:30:50
451,2026-06-21,野菜類,トウモロコシ、長ネギ、ジャガイモ、ナス、ニラ、マリーゴールド、ニンジン、サツマイモ、トマト、キュウリ、ミョウガ、,A,,2026-06-21 02:26:20
311,2026-06-21,野菜類,レタス、ニンジン、ビーツ、サトイモ、カボチャ、スイカ、ホウレンソウ、トマト、ブロッコリー、ナス、モロッコインゲン、長ネギ、オカヒジキ、ジャガイモ、ミックスレタス、シュンギク、ハツカダイコン、タマネギ、ダイコン、カブ、うまいな、,A,,2026-06-21 02:22:16
461,2026-06-21,野菜類,スイカ、カボチャ、ナス、イチゴ、トマト、ズッキーニ、ミニトマト、ボタンコショウ、ピーマン、キュウリ、スイートコーン、ラッカセイ、アスパラガス、ミョウガ,A,,2026-06-21 02:15:16
465,2026-06-21,水稲,紫米,A,アイガモ農法,2026-06-21 02:12:25
352,2026-06-21,野菜類,ホウレンソウ、ブロッコリー、ミックスレタス、エダマメ、ラッカセイ、ピーマン、ニンジン、キャベツ、ヤマイモ、サラダかぶ、ジャガイモ、サツマイモ、タマネギ、スイカ、エシャロット,A,,2026-06-21 01:57:13
355,2026-06-21,野菜類,ハウス(スイカ、トウモロコシ、メロン、カボチャ、レタス、ニンジン)、露地(ジャガイモ、長ネギ),A,,2026-06-21 01:41:28
376,2026-06-21,野菜類,長ネギ,A,ツツジあり,2026-06-21 01:29:47
345,2026-06-21,野菜類,ズッキーニ,A,,2026-06-21 01:28:44
282,2026-06-21,野菜類,ダリア、オミナエシ、キキョウ、シャクヤク、ピーマン、カボチャ、キク、コキア、ショウブ、キャベツ、レタス、コマツナ、レタス、サニーレタス、ズッキーニ、ラッカセイ、サトイモ、サツマイモ、ヒャクニチソウ、アスター,A,花と野菜,2026-06-21 01:23:52
371,2026-06-21,野菜類,ジャガイモ、ナス、ピーマン,A,タラノキあり,2026-06-21 01:19:22
284,2026-06-21,野菜類,ブロッコリー、長ネギ,A,,2026-06-21 01:16:27
283,2026-06-21,野菜類,長ネギ,A,,2026-06-21 01:12:46
599,2026-06-21,野菜類,ジャガイモ(キタアカリ、ダンシャク、インカのめざめ),A,,2026-06-21 01:05:38
631,2026-06-21,野菜類,スイカ、ネギ、ビーツ、ジャガイモ、サツマイモ、ナス、コスレタス、ピーマン、トウガラシ、トマト、トウモロコシ、ナノハナ、,A,,2026-06-21 01:04:29
598,2026-06-21,野菜類,ピーマン、ハクサイ、ダイコン、トマト、ミニトマト、キャベツ、ナス、キュウリ、コロタン、カボチャ、スイカ,A,,2026-06-21 00:59:47
629,2026-06-21,野菜類,ネギ、タマネギ,A,,2026-06-21 00:57:12
623,2026-06-21,野菜類,ネギ,A,,2026-06-21 00:55:46
525,2026-06-21,野菜類,サツマイモ、ジャガイモ、ネギ、ボタンコショウ、ピーマン、キュウリ、シュンギク、タマネギ,A,,2026-06-21 00:53:34
526,2026-06-21,野菜類,ユウガオ、ズッキーニ、カボチャ、サツマイモ,A,,2026-06-21 00:51:48
526,2026-06-21,野菜類,サツマイモ,A,,2026-06-21 00:50:36
581,2026-06-21,野菜類,ジャガイモ、タマネギ、長ネギ、トマトナス、ピーマン、シシトウ、カボチャ、サツマイモ、,A,,2026-06-21 00:44:35
592,2026-06-21,野菜類,シソ、ニンジン、ラディッシュ、スイカ、ジャガイモ、ネギ、キュウリ、トマト、インゲン、レタス、,A,フタアイシソ,2026-06-21 00:40:37
574,2026-06-21,野菜類,シマウリ、ナス、シシトウ、ピーマン、キュウリ、ネギ、ジャガイモ、モロッコインゲン,A,,2026-06-21 00:34:47
564,2026-06-21,野菜類,ジャガイモ、ネギ、エダマメ、カボチャ、ウリ、トマト、レタス、,A,,2026-06-21 00:32:27
563,2026-06-21,野菜類,サトイモ、モロヘイヤ、ジャガイモ、シュンギク、タマネギ、キャベツ、ニガウリ、ラッカセイ、モロッコインゲン、ネギ、トマト、ニンジン、キャベツ、シマウリ、玉レタス、キュウリ,A,,2026-06-21 00:30:02
456,2026-06-21,野菜類,ジャガイモ、ラッカセイ,A,,2026-06-21 00:20:02
559,2026-06-21,野菜類,トウモロコシ、トマト、カボチャ、長ネギ、エダマメ、ジャガイモ、サツマイモ、シソ、ピーマン,A,,2026-06-21 00:18:02
565,2026-06-21,野菜類,カボチャ、プチトマト、トマト、トウモロコシ、ナス、スイスチャード、ラズベリー、ピーマン、長ネギ、,A,素敵な花壇あり,2026-06-21 00:15:56
382,2026-06-13,そば,夏そば開花,A,,2026-06-20 06:29:57
383,2026-06-13,そば,夏そば開花,A,,2026-06-20 06:29:16
447,2026-06-13,そば,夏そば開花,A,,2026-06-20 06:28:29
447,2026-06-13,そば,夏そば開花,A,,2026-06-20 06:28:01
442,2026-06-13,野菜類,スイカ、ニンジン、ナス、ジャガイモ（インカのめざめ、キタアカリ）、キュウリ、トマト、カボチャ、レタス、スナップエンドウ、青シソ、ネギ、キャベツ、シソ、ネギ、フキ、アピナス、オクラ、ピーマン、ワラビ,A,移住２年目　電柵等獣害対策完備　自然潅水など工夫,2026-06-20 06:27:03
444,2026-06-13,そば,夏そば開花,A,貸出　借用,2026-06-20 06:22:01
443,2026-06-13,そば,夏そば開花,A,貸出　借用,2026-06-20 06:20:46
432,2026-06-13,そば,夏そば開花,A,貸出　借用,2026-06-20 06:20:00
431,2026-06-13,そば,夏そば開花,A,F426 貸出　F424 耕作,2026-06-20 06:19:04
413,2026-06-13,そば,秋そば予定,A,不作付け,2026-06-20 06:17:36
418,2026-06-13,水稲,自然農イネ,A,,2026-06-20 06:17:00
403,2026-06-13,野菜類,ピーマン、シシトウ、ボタンコショウ（出荷用隣接圃場F424 と同）,A,JA出荷　５年前より出荷　１週間に２回農協出荷,2026-06-20 06:16:19
420,2026-06-13,水稲,自然農イネ,A,自然農,2026-06-20 06:12:37
424,2026-06-13,野菜類,ピーマン250本、ボタンコショウ、シシトウ,A,ピーマン出荷JA,2026-06-20 06:11:46
427,2026-06-13,野菜類,加工トマト予定　現在カボチャ,A,F426 と同所有者,2026-06-20 06:10:04
419,2026-06-13,水稲,イネ,A,,2026-06-20 06:08:43
426,2026-06-13,野菜類,紫タマネギ、ネギ、サツマイモ,A,F411 と同様所有者,2026-06-20 06:06:32
411,2026-06-13,野菜類,落花生、サツマイモ、モロッコインゲン、メロン、小玉スイカ、バジル、オクラ、カボチャ、ニラ、ミョウガ、桔梗、ホウレンソウ、トウモロコシ、シュンギク、青シソ、ハツカダイコン、ズッキーニ、インカのめざめ、枝豆、丹波黒豆、小松菜、ナス、とまと,A,"F426 と同所有者
薪など機械置場隣接",2026-06-20 06:05:26
409,2026-06-13,水稲,自然農イネ,A,自然農,2026-06-20 06:00:20
410,2026-06-13,水稲,イネ,A,石川ライスセンター,2026-06-20 05:58:43
407,2026-06-13,野菜類,,A,,2026-06-20 05:57:50
416,2026-06-13,野菜類,家庭菜園　一部ソバ予定,A,地域外の人　借用　趣味,2026-06-20 05:56:53
416,2026-06-13,野菜類,地域外家庭菜園　一部ソバなど,A,,2026-06-20 05:56:11
429,2026-06-13,野菜類,,A,,2026-06-20 05:55:09
429,2026-06-13,野菜類,,A,,2026-06-20 05:54:45
408,2026-06-13,水稲,イネ,A,石川ライスセンター,2026-06-20 05:53:31
428,2026-06-13,水稲,イネ,A,石川ライスセンター,2026-06-20 05:51:55
422,2026-06-13,水稲,イネ,A,石川ライスセンター,2026-06-20 05:51:17
263,2026-06-13,野菜類,イチゴ、アスパラ、トマト、ナス、キュウリ、ピーマン、万願寺唐辛子、ジャガイモ（男爵、メ―クイーン、キタアカリ）、オクラ、ネギ、松本一本ネギ、ブルーベリー,A,,2026-06-20 05:38:55
261,2026-06-13,野菜類,カボチャ、キュウリ、ナス、トマト、ジャガイモ、ピーマン、アスパラ、タマネギ、レタス、キャベツ、ブロッコリー、モロッコインゲン,A,"かつて旧川島村当時
S30年代養蚕の後、ホップ栽培に挑戦、短期間で終了
かつては麦とイネの二毛作　田植えが6月だった
（役場経験）",2026-06-20 05:35:03
33,2026-06-13,野菜類,松本一本ネギ、下仁田ネギ、シルバーホワイト（ネギ）、ジャガイモ（キタアカリ）、トマト（大玉エイト、小玉）、ゴーヤ、落花生、タマネギ、ニンニク、サツマイモ,A,"無農薬　家庭用だから
有機肥料　塩尻「さくらい畜産」牛糞堆肥・完熟
別の畑タマネギ、ニンニク",2026-06-20 05:29:59
38,2026-06-13,野菜類,タマネギ、ニンニク、ジャガイモ、ニンジン,A,"F33所有者　家庭用　安定生産
有機肥料　塩尻「さくらい畜産」より牛糞堆肥　完熟",2026-06-20 05:25:47
62,2026-06-13,野菜類,ソルガム,A,,2026-06-20 05:23:22
37,2026-06-13,そば,そば　秋予定,A,たつの営農,2026-06-20 05:21:45
65,2026-06-13,そば,そば　秋予定,A,たつの営農,2026-06-20 05:20:50
59,2026-06-13,そば,そば,A,たつの営農,2026-06-20 05:19:36
54,2026-06-13,不明,ハウス　？,A,,2026-06-20 05:17:55
79,2026-06-13,野菜類,トウモロコシ,A,,2026-06-20 05:16:55
74,2026-06-13,作付なし,F72 〃,A,,2026-06-20 05:14:33
72,2026-06-13,作付なし,昨年大豆　今年？,A,,2026-06-20 05:13:21
6,2026-06-13,野菜類,,A,,2026-06-20 05:12:22
8,2026-06-13,野菜類,,A,,2026-06-20 05:10:56
274,2026-06-13,野菜類,,A,,2026-06-20 05:10:16
60,2026-06-13,野菜類,えごま（F5管理？）,A,,2026-06-20 05:08:37
204,2026-06-13,野菜類,ホップ・ワラビ　半分不作付け,A,家庭用,2026-06-20 04:45:01
200,2026-06-13,野菜類,花（イトバハルシャギク）、トマト、オクラ、ピーマン、甘辛トウガラシ、赤唐辛子、枝豆、スイカ、カボチャ、ダイコン、カブ、トウモロコシ、ブロッコリー、キャベツ、カリフラワー、落花生、ゴボウ、ヤーコン、モロコシ、里芋、コンニャク、ニンニク、ラッキョウ、サツマイモ、タマネギ、ネギ、キクイモ、スナップエンドウ、グリーンピース。えごま、ホップ、ワラビ,A,岡谷から通い(2日に1回程度)整った農園,2026-06-20 04:42:30
197,2026-06-13,野菜類,えごま,A,獣害イノシシ対策,2026-06-20 04:35:55
217,2026-06-13,野菜類,カボチャ（端に数株）,A,獣害で作っても採れない　（シカ、サル、ハクビシン、イノシシ）,2026-06-20 04:33:07
224,2026-06-13,作付なし,にわ　獣害でなにも栽培できない,A,庭,2026-06-20 04:31:56
273,2026-06-13,作付なし,,A,,2026-06-20 04:29:44
11,2026-06-13,不明,えごま※獣害対策、ユーカリ（花き）,A,イノシシなど獣害課題,2026-06-20 04:28:34
73,2026-06-13,作付なし,破竹が広がり始め,A,所有者在住ナシ,2026-06-20 04:26:16
75,2026-06-13,不明,水稲育苗ハウス,A,自然農法水稲プール育苗実施,2026-06-20 04:24:43
275,2026-06-13,作付なし,,A,,2026-06-20 04:21:50
5,2026-06-13,野菜類,松本一本ネギ（自家採種＋購入）、タマネギ、ジャガイモ、えごま、ピーマン、さやえんどう、シシトウ、ブロッコリー、サルビア、マリーゴールド、キュウリ、ナス、オクラ、モロヘイヤ、キャベツ、ミニトマト、ダイコン、小松菜、ハツカダイコン、パセリ、落花生、ズッキーニ、キクイモ、ソルガム、シイタケ、ユーカリ,A,"松本一本　採取＋購入
わらを入れる、肥料は化成肥料（BB）と有機肥料
えごまは家庭で絞った油を利用（テラシマさんに依頼して搾汁）
離れた畑（家族実家）に、ジャガイモ、タマネギ、ニンジン",2026-06-20 04:20:25
202,2026-06-13,野菜類,198と同じ、小屋等,A,198　敷地,2026-06-20 04:11:00
196,2026-06-13,野菜類,198と同じ,A,198と同じ　菌ちゃん農法,2026-06-20 04:09:45
198,2026-06-13,野菜類,パセリ、タマネギ、イチゴ、ニラ、キャベツ、トマト、プランターイネ、レタス、ホースラディッシュ、チャマメ、青シマウリ、ウド、シイタケ原木、からし菜、ブロッコリー、マメ、ニンニク、アスパラ、ジャガイモ、ネギ、黒トウモロコシ、小玉スイカ、ボタンコショウ、里芋、伊勢ピーマン、ピーマン、水ナス、丸ナス、青ナス、究極のナス、緑ナス、真っ黒ナス。万願寺トウガラシ、kepiatto（ほうずき）、里芋、太陽の子、ズッキーニ（ブラックビューティー）、生姜、恋するマロン、もち麦、ムギ、そら豆、ビーツ、キウイ、モロッコインゲン,A,移住・レストラン等活用検討,2026-06-20 04:08:13
225,2026-06-13,野菜類,松本一本ネギ★採種、落花生、ナス、ピーマン、モロッコインゲン、キュウリ（なつすずみ）、ミニトマト（４種）、サニーレタス、キャベツ、レタス、ジャガイモ（キタアカリ、メ―クイーン、キタハルカ、十勝コガネ）、オカヒジキ、赤シソ。カボチャ（ぼっちゃん）、スイートコーン、モロヘイヤ、イチゴ(とちおとめ★植え継ぎ苗20年？？？）、ツルナシササゲ、ホウレンソウ、スナップエンドウ、ダイコン、ニンジン、ラディッシュ、トウブキ、ミツバ,A,"★イチゴ（とちおとめ）が植え替え続けて20年以上になるのでは
カットわらマルチ",2026-06-20 03:47:54
1,2026-06-13,作付なし,草地,A,もと宅地,2026-06-20 03:36:18
201,2026-06-13,野菜類,スイートコーン、多品目,A,3件の農家で管理,2026-06-19 06:32:31
222,2026-06-13,作付なし,,A,,2026-06-19 06:28:59
215,2026-06-13,作付なし,,A,,2026-06-19 06:28:14
218,2026-06-13,そば,ソバ　秋予定,A,たつの営農,2026-06-19 06:25:56
220,2026-06-13,そば,そば　秋予定,A,たつの営農,2026-06-19 06:24:27
192,2026-06-13,そば,ソバ,A,たつの営農,2026-06-19 06:23:16
213,2026-06-13,野菜類,トウモロコシ他　自然農,A,他もあり,2026-06-19 06:22:06
214,2026-06-13,野菜類,ジャガイモ（多種）自然農,A,多品目ジャガイモ以外,2026-06-19 06:18:37
211,2026-06-13,水稲,自然農,A,自然農9年目,2026-06-19 06:15:41
210,2026-06-13,水稲,イネ（自然農）,A,自然農　5年目・9年目,2026-06-19 06:09:33
209,2026-06-13,そば,ソバ,A,たつの営農,2026-06-19 06:05:47
193,2026-06-06,作付なし,作付けなし,A,,2026-06-06 05:42:51
230,2026-06-06,作付なし,作付けなし,A,,2026-06-06 05:42:16
250,2026-06-06,そば,そば,A,,2026-06-06 05:41:41
238,2026-06-06,そば,そば,A,,2026-06-06 05:41:08
235,2026-06-06,そば,そば,A,,2026-06-06 05:40:33
231,2026-06-06,そば,そば,A,,2026-06-06 05:40:04
229,2026-06-06,そば,そば,A,,2026-06-06 05:39:36
228,2026-06-06,水稲,水稲,A,,2026-06-06 05:38:38
190,2026-06-06,水稲,水稲,A,,2026-06-06 05:38:10
191,2026-06-06,そば,そば,A,,2026-06-06 05:37:31
187,2026-06-06,そば,そば,A,,2026-06-06 05:36:58
182,2026-06-06,そば,そば,A,,2026-06-06 05:36:33
177,2026-06-06,水稲,水稲,A,,2026-06-06 05:35:10
176,2026-06-06,水稲,水稲,A,,2026-06-06 05:34:41
178,2026-06-06,水稲,水稲,A,,2026-06-06 05:34:10
173,2026-06-06,作付なし,作付けなし,A,,2026-06-06 05:33:32
174,2026-06-06,作付なし,作付けなし,A,,2026-06-06 05:33:02
168,2026-06-06,そば,そば,A,,2026-06-06 05:32:08
167,2026-06-06,そば,そば,A,,2026-06-06 05:31:17
163,2026-06-06,水稲,水稲,A,,2026-06-06 05:30:51
162,2026-06-06,水稲,水稲,A,,2026-06-06 05:30:14
1461,2026-06-06,そば,そば,A,,2026-06-06 05:28:27
1470,2026-06-06,そば,そば,A,,2026-06-06 05:27:52
1479,2026-06-06,そば,そば,A,,2026-06-06 05:27:23
1455,2026-06-06,水稲,水稲,A,,2026-06-06 05:26:55
1471,2026-06-06,水稲,水稲,A,,2026-06-06 05:26:21
1467,2026-06-06,水稲,水稲,A,,2026-06-06 05:25:53
1544,2026-06-06,水稲,水稲,A,,2026-06-06 05:25:25
1475,2026-06-06,水稲,水稲,A,,2026-06-06 05:24:53
1478,2026-06-06,野菜類,畑,A,,2026-06-06 05:24:27
1543,2026-06-06,作付なし,作付けなし,A,,2026-06-06 05:23:18
1457,2026-06-06,水稲,水稲,A,,2026-06-06 05:21:55
1540,2026-06-06,そば,そば,A,,2026-06-06 05:21:19
1541,2026-06-06,水稲,水稲,A,,2026-06-06 05:20:36
1538,2026-06-06,水稲,水稲,A,,2026-06-06 05:20:03
1522,2026-06-06,作付なし,作付けなし,A,,2026-06-06 05:19:33
1532,2026-06-06,水稲,水稲,A,,2026-06-06 05:19:08
1536,2026-06-06,そば,そば,A,,2026-06-06 05:18:36
1515,2026-06-06,水稲,水稲,A,,2026-06-06 05:17:27
1518,2026-06-06,そば,そば,A,,2026-06-06 05:16:57
1512,2026-06-06,水稲,水稲,A,,2026-06-06 05:16:34
1503,2026-06-06,水稲,水稲,A,,2026-06-06 05:13:25
1505,2026-06-06,水稲,水稲,A,,2026-06-06 05:12:56
1498,2026-06-06,水稲,水稲,A,,2026-06-06 05:12:13
1494,2026-06-06,作付なし,作付けなし,A,,2026-06-06 05:11:39
1493,2026-06-06,そば,そば,A,,2026-06-06 05:10:50
1496,2026-06-06,水稲,水稲,A,,2026-06-06 05:10:22
1509,2026-06-06,水稲,水稲,A,,2026-06-06 05:09:45
1434,2026-06-06,作付なし,作付けなし,A,,2026-06-06 05:09:16
1501,2026-06-06,そば,そば,A,,2026-06-06 05:08:20
1500,2026-06-06,そば,そば,A,,2026-06-06 05:06:42
1504,2026-06-06,そば,そば,A,,2026-06-06 05:06:09
1510,2026-06-06,野菜類,野菜,A,,2026-06-06 05:05:36
1511,2026-06-06,そば,そば,A,,2026-06-06 05:03:42
1508,2026-06-06,そば,そば,A,,2026-06-06 05:02:48
1526,2026-06-06,水稲,水稲,A,,2026-06-06 05:02:05
1499,2026-06-06,そば,そば,A,,2026-06-06 05:01:03
1502,2026-06-06,水稲,水稲,A,,2026-06-06 05:00:32
1517,2026-06-06,そば,そば,A,,2026-06-06 04:59:34
1487,2026-06-06,野菜類,ブルーベリー、キウイフルーツ、ネギ、シマウリ、カシス、とうもろこし、ニンジン、レタス、ブロッコリー,C,,2026-06-06 03:07:15
1488,2026-06-06,野菜類,パプリカ、キャベツ、なば、ネギ、にんにく、エシャロット、とうもろこし、オクラ、トマト、きゅうり、タマネギ、,C,,2026-06-06 03:02:36
1490,2026-06-06,野菜類,ピーマン、ズッキーニ、スイカ、サツマイモ、サトイモ、パプリカ,C,,2026-06-06 02:51:32
1435,2026-06-06,野菜類,マスクメロン,C,,2026-06-06 02:49:43
1547,2026-06-06,野菜類,サツマイモ、ネギ、ジャガイモ、とうもろこし、タマネギ、いちご、落花生、ウド、ニンニク,C,,2026-06-06 02:47:09
249,2026-06-06,野菜類,大豆,C,味噌作り用,2026-06-06 02:37:33
243,2026-06-06,野菜類,ネギ、ジャガイモ、大豆、タマネギ、カボチャ、サツマイモ、ズッキーニ、オクラ、ダイコン、コマツナ、きゅうり、トマト、ナス、ツケウリ,C,,2026-06-06 02:33:19
251,2026-06-06,野菜類,ネギ、ジャガイモ,C,,2026-06-06 02:30:23
248,2026-06-06,野菜類,ほうれん草、ハツカダイコン、キャベツ、スナップインゲン、ニンニク、トマト，きゅうり、オクラ、かぼちゃ、ネギ、いちご、タマネギ、ブルーベリー、ダイコン、レタス、たまレタス、ネギ、ジャガイモ,C,,2026-06-06 02:23:32
245,2026-06-06,野菜類,ブルーベリー,C,,2026-06-06 02:20:47
207,2026-06-06,不明,家庭菜園,C,家庭菜園,2026-06-06 02:20:03
241,2026-06-06,野菜類,マリーゴールド、パセリ、しそ、ハツカダイコン、ホウレンソウ、ニンジン、トマト、キュウリ、ナス、スナップインゲン、タマネギ、カボチャ、サトイモ、ジャガイモ、,C,,2026-06-06 02:15:34
246,2026-06-06,野菜類,サツマイモ、スイートコーン、ジャガイモ、ズッキーニ、スイカ、ヒマワリ、スナップインゲン、オクラ、ナス、キャベツ、ブロッコリー、ピーマンねぎ、,C,,2026-06-06 02:13:02
1563,2026-06-06,野菜類,ブルーベリー,C,,2026-06-06 02:10:09
1451,2026-06-06,野菜類,桑畑,C,,2026-06-06 02:01:05
1446,2026-06-06,野菜類,オクラ、ハーブ,C,,2026-06-06 02:00:12
1492,2026-06-06,野菜類,しいたけ,C,原木,2026-06-06 01:57:20
1491,2026-06-06,野菜類,サニーレタス、ヒマワリ、タマネギ、ニンジン、ジャガイモ、カボチャ、ネギ、エンドウ、スイートコーン、ブロッコリー、トマト、いちご,C,,2026-06-06 01:47:05
1466,2026-06-06,野菜類,いちご、トマト、スイカ、カボチャ、サツマイモ、ナス、トウモロコシ、ブロッコリー、キャベツ、ネギ、ニンニク、,C,養蜂している,2026-06-06 01:18:41
1452,2026-06-06,野菜類,ジャガイモ、ネギ、タマネギ、ニンニク、ネギ、トウモロコシ、ピーマン、カボチャ、ナス、マメ、ダイコン、アスパラガス、とうがらし、,C,,2026-06-06 01:07:13
1460,2026-06-06,野菜類,タマネギ、ジャガイモ、ネギ、キュウリ、ナス、ズッキーニ、オクラ、ニンニク、カボチャ,C,,2026-06-06 01:03:26
1465,2026-06-06,野菜類,タマネギ、ネギ、黒豆、柿、カボチャ、ナス、ジャガイモ、にんにく、スイートコーン、キャベツ、ズッキーニ,C,,2026-06-06 00:58:03
1468,2026-06-06,野菜類,ダイコン、ブルーベリー、ハツカダイコン、サンチュ、菜の花、レタス、キュウリ、サニーレタス、スナップエンドウ、インゲン、キャベツ、スイートコーン、,C,籾殻で雑草を抑制,2026-06-06 00:55:25
1462,2026-06-06,野菜類,ジャガイモ、スイートコーン、サトイモ、スイカ、カボチャ、サツマイモ、タマレタス、ネギ、いちご,C,,2026-06-06 00:46:53
1433,2026-06-06,野菜類,スイートコーン、ズッキーニ、シソ、ルバーブ、オカヒジキ、ブルーベリー、ジャガイモ、キントキソウ、モロヘイヤ、ピーマン、サツマイモ、,C,,2026-06-06 00:43:49
1459,2026-06-06,野菜類,ジャガイモ、にんじん、インゲン、かぼちゃ、いちご、オクラ、ピーマン、スナップエンドウ、サヤインゲン、ナス、ヤーコン、トマト、ネギ、,C,一ノ瀬さん,2026-06-06 00:39:55
1528,2026-06-06,そば,そば,C,,2026-06-06 00:35:11
1535,2026-06-06,野菜類,スイカ、いちご、ピーマン、落花生、ダイコン、ジャガイモ,C,,2026-06-06 00:32:29
1416,2026-05-30,耕作放棄,,A,,2026-06-05 07:09:00
1421,2026-05-30,耕作放棄,,A,,2026-06-05 07:08:20
1421,2026-05-30,耕作放棄,,A,,2026-06-05 07:07:57
996,2026-05-30,野菜類,半分野菜・半分トマト・不作付け,A,門前料理・源上暑熱トマトハウス,2026-06-05 07:07:01
1007,2026-05-30,野菜類,ブロッコリー、ナス、ネギ、タマネギ、ジャガイモ、花（ヒャクニチソウ）,A,門前ひなたぼっこ料理名人,2026-06-05 07:04:33
1008,2026-05-30,不明,資材置き,A,,2026-06-05 07:02:31
883,2026-05-30,水稲,イネ,A,,2026-06-05 07:01:53
894,2026-05-30,野菜類,未調査,A,,2026-06-05 07:01:08
896,2026-05-30,野菜類,903資材置場、作付け用、花,A,かやぶき館で使用？、ソバ打ち名人作付け,2026-06-05 07:00:19
903,2026-05-30,野菜類,モロッコインゲン、ナス、トウガラシ、ピーマン、サツマイモ、ブロッコリー、カボチャ,A,かやぶきの里　料理担当の方　ソバ打ち名人,2026-06-05 06:57:41
652,2026-05-30,そば,そば,A,たつの営農　夏播　耕耘,2026-06-05 06:53:17
653,2026-05-30,そば,そば,A,たつの営農　夏播　耕耘,2026-06-05 06:52:26
880,2026-05-30,水稲,イネ,A,石川ライスセンター,2026-06-05 06:51:40
890,2026-05-30,水稲,イネ,A,石川ライスセンター,2026-06-05 06:51:00
900,2026-05-30,水稲,イネ,A,石川ライスセンター,2026-06-05 06:50:17
911,2026-05-30,水稲,イネ,A,,2026-06-05 06:49:41
675,2026-05-30,水稲,イネ,A,,2026-06-05 06:49:11
910,2026-05-30,水稲,イネ,A,石川ライスセンター,2026-06-05 06:48:42
921,2026-05-30,水稲,イネ,A,石川ライスセンター,2026-06-05 06:47:56
924,2026-05-30,そば,そば,A,たつの営農　夏播　耕耘,2026-06-05 06:47:04
930,2026-05-30,そば,そば,A,たつの営農　夏播　耕耘,2026-06-05 06:46:19
939,2026-05-30,水稲,イネ,A,石川ライスセンター,2026-06-05 06:45:23
672,2026-05-30,水稲,イネ,A,,2026-06-05 06:44:38
673,2026-05-30,水稲,イネ,A,,2026-06-05 06:44:03
676,2026-05-30,不明,イネ？,A,,2026-06-05 06:43:19
676,2026-05-30,不明,イネ？,A,,2026-06-05 06:42:34
676,2026-05-30,不明,イネ？,A,,2026-06-05 06:42:06
907,2026-05-30,果樹,ブルーベリー,A,,2026-06-05 06:41:04
916,2026-05-30,水稲,イネ,A,,2026-06-05 06:40:00
674,2026-05-30,水稲,イネ,A,石川ライスセンター,2026-06-05 06:39:21
922,2026-05-30,水稲,イネ,A,,2026-06-05 06:38:23
935,2026-05-30,不明,ハウス,A,,2026-06-05 06:37:45
928,2026-05-30,水稲,イネ,A,,2026-06-05 06:36:35
933,2026-05-30,水稲,イネ,A,石川ライスセンター,2026-06-05 06:36:00
944,2026-05-30,水稲,イネ,A,,2026-06-05 06:34:46
950,2026-05-30,水稲,イネ,A,,2026-06-05 06:34:10
949,2026-05-30,水稲,イネ,A,,2026-06-05 06:33:14
959,2026-05-30,水稲,イネ,A,,2026-06-05 06:32:35
968,2026-05-30,水稲,イネ,A,石川ライスセンター,2026-06-05 06:31:40
976,2026-05-30,水稲,イネ,A,石川ライスセンター,2026-06-05 06:30:49
976,2026-05-30,水稲,イネ,A,,2026-06-05 06:30:29
962,2026-05-30,水稲,イネ,A,石川ライスセンター,2026-06-05 05:03:29
953,2026-05-30,水稲,イネ,A,石川ライスセンター,2026-06-05 05:02:51
940,2026-05-30,水稲,イネ,A,石川ライスセンター,2026-06-05 05:02:07
948,2026-05-30,水稲,イネ,A,,2026-06-05 05:01:30
955,2026-05-30,水稲,イネ,A,,2026-06-05 05:00:50
960,2026-05-30,水稲,イネ,A,,2026-06-05 05:00:20
964,2026-05-30,水稲,イネ,A,石川ライスセンター,2026-06-05 04:54:48
984,2026-05-30,水稲,イネ,A,石川ライスセンター,2026-06-05 04:51:48
991,2026-05-30,水稲,イネ,A,石川ライスセンター,2026-06-05 04:51:15
991,2026-05-30,水稲,イネ,A,石川ライスセンター,2026-06-05 04:50:33
975,2026-05-30,水稲,イネ,A,1/4保全管理　石川ライスセンター,2026-06-05 04:48:21
985,2026-05-30,水稲,イネ,A,,2026-06-05 04:47:30
966,2026-05-30,水稲,イネ,A,石川ライスセンター,2026-06-05 04:46:51
972,2026-05-30,そば,ソバ,A,たつの営農　夏播　耕耘,2026-06-05 04:44:53
983,2026-05-30,水稲,イネ,A,石川ライスセンター,2026-06-05 04:42:20
992,2026-05-30,水稲,イネ,A,,2026-06-05 04:41:20
905,2026-05-30,水稲,イネ,A,石川ライスセンター,2026-06-05 04:40:43
988,2026-05-30,水稲,イネ,A,,2026-06-05 04:39:46
993,2026-05-30,水稲,イネ,A,,2026-06-05 04:39:11
1006,2026-05-30,耕作放棄,,A,,2026-06-05 04:37:47
919,2026-05-30,不明,花,A,,2026-06-05 04:37:15
967,2026-05-30,水稲,イネ,A,,2026-06-05 04:36:35
945,2026-05-30,水稲,イネ,A,,2026-06-05 04:35:30
918,2026-05-30,水稲,イネ,A,,2026-06-05 04:34:47
901,2026-05-30,作付なし,,A,休耕,2026-06-05 04:34:11
977,2026-05-30,水稲,イネ,A,,2026-06-05 04:32:31
1000,2026-05-30,水稲,イネ,A,石川ライスセンター,2026-06-05 04:31:57
912,2026-05-30,水稲,イネ,A,石川ライスセンター,2026-06-05 04:31:00
961,2026-05-30,水稲,イネ,A,,2026-06-05 04:30:14
925,2026-05-30,そば,そば,A,夏播　耕耘,2026-06-05 04:29:36
957,2026-05-30,そば,そば,A,夏播　耕耘,2026-06-05 04:28:29
957,2026-05-30,そば,ソバ,A,夏播　耕耘,2026-06-05 04:27:44
884,2026-05-30,水稲,イネ,A,,2026-06-05 04:26:58
881,2026-05-30,そば,そば,A,たつの営農　夏播　耕耘,2026-06-05 04:25:43
934,2026-05-30,そば,そば,A,たつの営農　夏播　耕耘,2026-06-05 04:24:52
990,2026-05-30,水稲,イネ,A,,2026-06-05 04:23:55
887,2026-05-30,野菜類,,A,作目未調査,2026-06-05 04:23:17
906,2026-05-30,水稲,イネ,A,石川ライスセンター,2026-06-05 04:22:20
998,2026-05-30,水稲,イネ,A,石川ライスセンター,2026-06-05 04:21:39
867,2026-05-30,水稲,イネ,A,,2026-06-05 04:20:35
878,2026-05-30,水稲,イネ,A,,2026-06-05 04:20:07
863,2026-05-30,水稲,イネ,A,,2026-06-05 04:18:33
877,2026-05-30,水稲,イネ,A,,2026-06-05 04:18:00
954,2026-05-30,野菜類,スイートコーン（JA出荷用ゴールドラッシュ）,A,913JA出荷用　電柵完備,2026-06-05 04:16:56
958,2026-05-30,野菜類,スイートコーン（JA出荷用ゴールドラッシュ）,A,913JA出荷用栽培　電柵管理,2026-06-05 04:15:05
931,2026-05-30,不明,トウブキ,A,山菜,2026-06-05 04:11:33
904,2026-05-30,耕作放棄,,A,,2026-06-05 04:06:01
909,2026-05-30,大豆,豆類試験栽培（トラマメ、パンダマメ、チャマメ、お盆小豆、白小豆）、あく無ワラビ,A,"特産化マメの試験栽培
以前イノシシ被害",2026-06-05 04:04:33
920,2026-05-30,果樹,クロモジ試験栽培、サツマイモ、穀類（ソルガム試験）、果樹（ブルーベリー・カシス・サルナシ）,A,"イノシシで荒らされた場所
ソルガム・果樹などいくつか試験栽培",2026-06-05 04:01:09
923,2026-05-30,作付なし,,A,今後作付け予定,2026-06-05 03:41:13
926,2026-05-30,野菜類,イチゴ、キュウリ、ナス、スイカ、シソ★在来、枝豆、シシトウ、ピーマン、サツマイモ,A,★在来シソ,2026-06-05 03:38:09
927,2026-05-30,作付なし,,A,今後作付け予定,2026-06-05 03:33:58
929,2026-05-30,野菜類,ジャガイモ（インカのめざめ、とうや、男爵、メ―クイーン、北海こがね）,A,,2026-06-05 03:33:04
942,2026-05-30,野菜類,スイートコーン（農協出荷ゴールドラッシュ）,A,"農業出荷用・電柵管理完備
913が農地借用して栽培",2026-06-05 03:30:00
936,2026-05-30,野菜類,スイートコーン（農協出荷ゴールドラッシュ）,A,"農協出荷・電柵完備
913が借用農地にて栽培",2026-06-05 03:27:25
947,2026-05-30,不明,盆栽・庭木栽培,A,庭木栽培,2026-06-05 03:25:37
678,2026-05-30,耕作放棄,,A,,2026-06-05 03:23:52
941,2026-05-30,野菜類,,A,,2026-06-05 03:22:29
946,2026-05-30,野菜類,,A,作目未調査,2026-06-05 03:20:29
951,2026-05-30,耕作放棄,,A,所有者が地域外在住,2026-06-05 03:19:50
956,2026-05-30,野菜類,ピーマン（JA出荷用200株）、落花生,A,869所有者が借用して管理,2026-06-05 03:18:57
963,2026-05-30,野菜類,ピーマン（JA出荷用200株）,A,869所有者が農地借用して栽培,2026-06-05 03:15:25
969,2026-05-30,作付なし,,A,,2026-06-05 03:05:59
981,2026-05-30,作付なし,,A,,2026-06-05 03:05:25
965,2026-05-30,野菜類,ニンニク、タマネギ、ウド,A,"山際　上の道から斜面を下り移動できる
ホタルの道の隣",2026-06-05 03:04:19
974,2026-05-30,作付なし,空地,A,"元水田
現広場
以前は鉱石採掘のまちで栄えていた（サクラマンガン）
採掘場が閉鎖され、人口が減り水田もどんどん耕作されなくなった
ここは昔ホタルがいる水田だった",2026-06-05 03:02:35
987,2026-05-30,作付なし,,A,,2026-06-05 02:53:07
908,2026-05-30,不明,山菜（トウブキ）,A,,2026-06-05 02:42:09
914,2026-05-30,野菜類,カボチャ、ジャガイモ、トウモロコシ、山菜（タラ）,A,土手かぼちゃ栽培,2026-06-05 02:41:19
893,2026-05-30,野菜類,野菜（ニンジン、ナス、トマト、レタス、ブロッコリー。キャベツ、ユウガオ、シュンギク、ニンニク）、養鶏、果樹（ブルーベリー、キウイ、ウメ）,A,"山際　ハウス・鳥小屋・果樹棚など多彩　小面積・傾斜を使いを多彩に活用
サル被害などは電気柵で対策　※川島では最初に導入（塩尻まで行って勉強）",2026-06-05 02:29:22
913,2026-05-30,野菜類,スイートコーン、エンドウマメ、ネギ、ジャガイモ、ラディッシュ、グラジオラス、コンニャク、ピーマン,A,"堆肥（たのめの里）
以前までかやぶきの里に出荷していた（買取価格が不安定）
現在は農協出荷のみ",2026-06-05 02:20:56
979,2026-05-30,水稲,イネ,A,869所有者,2026-06-05 02:15:38
937,2026-05-30,そば,ソバ,A,,2026-06-05 02:07:29
952,2026-05-30,作付なし,,A,耕耘管理のみ,2026-06-05 02:06:34
938,2026-05-30,不明,クロモジ試験,A,"クロモジ栽培試験圃場　2025年植え付け
防草シートで管理　乾燥・風で枯損被害
※課題　乾燥・風対策、保湿等",2026-06-05 02:04:30
943,2026-05-30,耕作放棄,,A,所有者が地域外,2026-06-05 02:01:42
1003,2026-05-30,野菜類,ズッキーニ、イチゴ、ウド,A,空いている場所にカボチャを植える予定,2026-06-05 01:55:44
999,2026-05-30,野菜類,ジャガイモ（アビオス）、ウメ、ミョウガ、スイートコーン（２期作）、ダイコン（ﾎﾜｲﾄｽﾃｨｯｸ）、タマネギ、ネギ、キュウリ、ダイコン、ハツカダイコン、ミニトマト、ナス、ゴウヤ、ピーマン、オクラ、パセリ、シシトウ、サヤインゲン、ナス、ピーマン、イチゴ、モロッコインゲン,A,"元水田のため水はけが悪く、思ったように育たない
今年は堆肥（たのめの里）や腐葉土（蛇石付近）などを入れ土壌改良したい",2026-06-05 01:48:39
875,2026-05-30,水稲,イネ,A,,2026-06-05 01:40:33
866,2026-05-30,野菜類,イチゴ、タマネギ、ジャガイモ、ナス、にんにく、ネギ、シマウリ（ほんうり）、トウモロコシ,A,869と同様の所有者,2026-06-05 01:37:03
869,2026-05-30,野菜類,スナップエンドウ、モロッコインゲン、キャベツ、サニーレタス、玉レタス、アスパラ、サツマイモ、アスター、黒豆,A,"ハウス内で育苗　※近隣にわけたり、技術指導・共有も
シマウリのことを「ほんうり」と呼ぶ",2026-06-05 01:34:39
871,2026-05-30,作付なし,２列ジャガイモ,A,所有者外　ジャガイモ２列,2026-06-05 01:30:14
870,2026-05-30,野菜類,ネギ（松本一本）、カボチャ（すぐなかぼちゃ）,A,すぐなかぼちゃ（宿儺かぼちゃ：岐阜県高山丹生川町特産）,2026-06-05 01:26:20
902,2026-05-30,耕作放棄,,A,草,2026-06-05 01:22:50
872,2026-05-30,作付なし,,A,草,2026-06-05 01:13:24
1004,2026-05-30,果樹,ブルーベリー・クリ・ウメ,A,,2026-06-05 01:11:04
973,2026-05-30,耕作放棄,,A,"クルミ
イノシシぬた場",2026-06-05 01:08:49
892,2026-05-30,水稲,イネ,A,耕作ベテラン　この水田が維持されているため水路管理が継続されている,2026-06-05 01:07:11
1399,2026-05-30,水稲,イネ,A,石川ライスセンター,2026-06-05 12:16:39
1396,2026-05-30,水稲,イネ,A,石川ライスセンター,2026-06-05 12:15:47
1426,2026-05-30,不明,ハウス　花・野菜,A,,2026-06-05 12:14:49
1411,2026-05-30,水稲,イネ,A,,2026-06-05 12:13:10
1400,2026-05-30,水稲,イネ,A,石川ライスセンター,2026-06-05 12:11:12
1407,2026-05-30,不明,花ハウス施設園芸,A,,2026-06-05 12:10:15
1412,2026-05-30,不明,花ハウス施設園芸,A,,2026-06-05 12:09:30
982,2026-05-30,不明,あく無ワラビ試験圃場・電柵外一部雑木林クルミ化（獣害対策わな設置）,A,"里山（かつて桑園・現カラマツ林）境界
電柵・獣害対策わな設置",2026-06-05 00:53:35
775,2026-05-23,作付なし,,C,,2026-05-23 06:24:34
776,2026-05-23,作付なし,,C,,2026-05-23 06:24:01
775,2026-05-23,作付なし,,C,,2026-05-23 06:23:12
778,2026-05-23,作付なし,,C,,2026-05-23 06:22:46
782,2026-05-23,作付なし,,C,,2026-05-23 06:22:13
783,2026-05-23,作付なし,,C,,2026-05-23 06:21:48
757,2026-05-23,作付なし,,C,,2026-05-23 06:21:14
757,2026-05-23,耕作放棄,,C,,2026-05-23 06:20:30
752,2026-05-23,野菜類,野菜,C,,2026-05-23 06:07:53
745,2026-05-23,野菜類,ジャガイモ,C,,2026-05-23 06:04:25
767,2026-05-23,野菜類,サツマイモ,A,,2026-05-23 05:59:56
762,2026-05-23,野菜類,ニンジン、ズッキーニ、ブロッコリー、ピーマン、ツルアリインゲン、ナス、ハツカダイコン,A,,2026-05-23 05:58:32
769,2026-05-23,作付なし,,A,,2026-05-23 05:56:01
765,2026-05-23,野菜類,ジャガイモ,C,,2026-05-23 05:55:50
765,2026-05-23,作付なし,,A,,2026-05-23 05:54:46
751,2026-05-23,野菜類,ネギ、レタス、ジャガイモ、カボチャ,A,,2026-05-23 05:43:55
748,2026-05-23,野菜類,ヤーコン、タカキビ,C,タカキビ鶏の餌になる,2026-05-23 05:41:38
746,2026-05-23,作付なし,,C,,2026-05-23 05:36:45
743,2026-05-23,野菜類,松本一本ネギ、カラシナ(コーラルリーフプルーム)、,A,,2026-05-23 05:35:58
744,2026-05-23,不明,ジャーマンアイリス,C,,2026-05-23 05:32:38
740,2026-05-23,作付なし,,A,,2026-05-23 05:30:20
677,2026-05-23,野菜類,サツマイモ、ジャガイモ,A,半分不作付(所有者別),2026-05-23 05:29:18
741,2026-05-23,野菜類,キクイモ、サツマイ、ズッキーニ,C,,2026-05-23 05:28:30
739,2026-05-23,野菜類,サツマイモ,A,,2026-05-23 05:26:06
736,2026-05-23,野菜類,みょうが、ふき,A,,2026-05-23 05:25:07
738,2026-05-23,野菜類,きゅうり,A,育苗ハウスあり(ヤーコンなど),2026-05-23 05:21:12
737,2026-05-23,果樹,カシス、キウイ,A,カシスは東京のカフェに高値で売れる,2026-05-23 05:19:00
726,2026-05-23,野菜類,ジャガイモ、トウモロコシ、タマネギ、サトイモ、キャベツ,C,,2026-05-23 02:36:14
722,2026-05-23,野菜類,ジャガイモ、ブロッコリー、キャベツ、,C,冬越ししたキャベツを実験中,2026-05-23 02:32:10
725,2026-05-23,野菜類,ビーツ、エゴマ、シソ、ニンジン、シュンギク、レタス、トマト、フォースラディッシュ、落花生、ラッキョウ、タマネギ、キクイモ、キャベツ、ブロッコリー、キュウリ、インゲン、ピーマン、ナス、オクラ,C,イノシシの被害,2026-05-23 02:26:05
708,2026-05-23,野菜類,ネギ、エダマメ、ナス、ジャガイモ、キャベツ、ズッキーニ、白カボチャ、フキ、スイカ、キュウリ、モロヘイヤ、スイスチャード、トマト、,C,ネギの発育が良くない、猿の被害あり　ウドがある,2026-05-23 02:10:47
723,2026-05-23,野菜類,スナップエンドウ、ラディッシュ、ホウレンソウ、コマツナ、ダイコン、ニンジン、サツマイ、サトイモ、カボチャ、モロッコ,C,アスパラが1、2本　毎年猿の被害,2026-05-23 02:00:56
723,2026-05-23,野菜類,スナックエンドウ、ラディッシュ、ホウレンソウ、シロカブ、コマツナ,C,,2026-05-23 01:54:08
840,2026-05-23,野菜類,バジル、スイカ、ブロッコリー、キャベツ、ナス、トマト、イチゴ、トウモロコシ、レタス（グリーンレタス）、カボチャ、ピーマンモロッコインゲン、オクラ,C,土手の雑草を刈ったら猿の被害増、タラの木の枯れ木を猿対策に実験,2026-05-23 01:42:21
654,2026-05-23,野菜類,キュウリ、ナス、トマト、シシトウ、ゴーヤ、スイカ、ブロッコリー、キャベツ、イチゴ、ネギ、ラディッシュ、ホウレンソウ、コマツナ、ジャガイモ,C,こぼれ種のアオジソ、猿対策のネット,2026-05-23 01:30:27
654,2026-05-23,野菜類,ナス、キュウリ、ズッキーニ、シシトウ、ピーマン、スイカ、ゴーヤ、ブロッコリー、キャベツ、ジャガイモ、イチゴ、ラディッシュ、ネギ、トマト、ホウレンソウ、コマツナ、ブルーベリー,C,は猿避けにネットを張る、こぼれ種のアオジソ,2026-05-23 01:26:30
734,2026-05-23,野菜類,ジャガイモ,C,家庭菜園,2026-05-23 00:49:46
735,2026-05-23,野菜類,タカキビ、オオツムギ、ジャガイモ、トマト,C,土に埋めないジャガイモ栽培、菌ちゃん農法,2026-05-23 00:48:35
733,2026-05-23,野菜類,ダイコン、ネギ,C,かやぶきの館に出荷,2026-05-23 00:42:45
766,2026-05-23,果樹,栗,C,,2026-05-23 00:41:30
771,2026-05-23,耕作放棄,,C,国所管、ワラビ,2026-05-23 00:39:58
770,2026-05-23,野菜類,トマト、カボチャ,C,,2026-05-23 00:38:01
771,2026-05-23,作付なし,栗,C,親戚が除草管理,2026-05-23 00:36:15
